<?xml version="1.0" encoding="UTF-8"?>
<project-private xmlns="http://www.netbeans.org/ns/project-private/1">
    <editor-bookmarks xmlns="http://www.netbeans.org/ns/editor-bookmarks/2" lastBookmarkId="0"/>
    <open-files xmlns="http://www.netbeans.org/ns/projectui-open-files/2">
        <group>
            <file>file:/C:/Users/holme/OneDrive/Desktop/Chi_Hoang_Anh/code/hptn/src/java/model/Rapchieu.java</file>
            <file>file:/C:/Users/holme/OneDrive/Desktop/Chi_Hoang_Anh/code/hptn/src/java/model/Phim.java</file>
            <file>file:/C:/Users/holme/OneDrive/Desktop/Chi_Hoang_Anh/code/hptn/src/java/model/Khunggio.java</file>
            <file>file:/C:/Users/holme/OneDrive/Desktop/Chi_Hoang_Anh/code/hptn/src/java/model/Ghe.java</file>
            <file>file:/C:/Users/holme/OneDrive/Desktop/Chi_Hoang_Anh/code/hptn/src/java/model/Hoten.java</file>
            <file>file:/C:/Users/holme/OneDrive/Desktop/Chi_Hoang_Anh/code/hptn/web/doTuyChinhGiaVe.jsp</file>
            <file>file:/C:/Users/holme/OneDrive/Desktop/Chi_Hoang_Anh/code/hptn/web/view/gdTuychinhgiave.jsp</file>
            <file>file:/C:/Users/holme/OneDrive/Desktop/Chi_Hoang_Anh/code/hptn/web/doLenLichChieuMoi.jsp</file>
            <file>file:/C:/Users/holme/OneDrive/Desktop/Chi_Hoang_Anh/code/hptn/src/java/dao/GiaDAO.java</file>
            <file>file:/C:/Users/holme/OneDrive/Desktop/Chi_Hoang_Anh/code/hptn/src/java/model/Hang.java</file>
            <file>file:/C:/Users/holme/OneDrive/Desktop/Chi_Hoang_Anh/code/hptn/src/java/dao/KhunggioDAO.java</file>
            <file>file:/C:/Users/holme/OneDrive/Desktop/Chi_Hoang_Anh/code/hptn/web/view/gdLenlichchieumoi.jsp</file>
            <file>file:/C:/Users/holme/OneDrive/Desktop/Chi_Hoang_Anh/code/hptn/src/java/dao/DAO.java</file>
            <file>file:/C:/Users/holme/OneDrive/Desktop/Chi_Hoang_Anh/code/hptn/src/java/dao/LichchieuDAO.java</file>
            <file>file:/C:/Users/holme/OneDrive/Desktop/Chi_Hoang_Anh/code/hptn/web/view/gdQuanliLichchieu.jsp</file>
            <file>file:/C:/Users/holme/OneDrive/Desktop/Chi_Hoang_Anh/code/hptn/src/java/dao/PhimDAO.java</file>
            <file>file:/C:/Users/holme/OneDrive/Desktop/Chi_Hoang_Anh/code/hptn/src/java/model/Phongchieu.java</file>
            <file>file:/C:/Users/holme/OneDrive/Desktop/Chi_Hoang_Anh/code/hptn/src/java/model/Diachi.java</file>
            <file>file:/C:/Users/holme/OneDrive/Desktop/Chi_Hoang_Anh/code/hptn/src/java/model/Gia.java</file>
            <file>file:/C:/Users/holme/OneDrive/Desktop/Chi_Hoang_Anh/code/hptn/src/java/dao/GheDAO.java</file>
            <file>file:/C:/Users/holme/OneDrive/Desktop/Chi_Hoang_Anh/code/hptn/src/java/dao/PhongchieuDAO.java</file>
            <file>file:/C:/Users/holme/OneDrive/Desktop/Chi_Hoang_Anh/code/hptn/src/java/model/Lichchieu.java</file>
            <file>file:/C:/Users/holme/OneDrive/Desktop/Chi_Hoang_Anh/code/hptn/web/index.jsp</file>
        </group>
    </open-files>
</project-private>
